-- MySQL dump 10.13  Distrib 8.0.33, for macos13 (arm64)
--
-- Host: localhost    Database: foodtracker2
-- ------------------------------------------------------
-- Server version	8.0.33

/*!40101 SET @OLD_CHARACTER_SET_CLIENT=@@CHARACTER_SET_CLIENT */;
/*!40101 SET @OLD_CHARACTER_SET_RESULTS=@@CHARACTER_SET_RESULTS */;
/*!40101 SET @OLD_COLLATION_CONNECTION=@@COLLATION_CONNECTION */;
/*!50503 SET NAMES utf8 */;
/*!40103 SET @OLD_TIME_ZONE=@@TIME_ZONE */;
/*!40103 SET TIME_ZONE='+00:00' */;
/*!40014 SET @OLD_UNIQUE_CHECKS=@@UNIQUE_CHECKS, UNIQUE_CHECKS=0 */;
/*!40014 SET @OLD_FOREIGN_KEY_CHECKS=@@FOREIGN_KEY_CHECKS, FOREIGN_KEY_CHECKS=0 */;
/*!40101 SET @OLD_SQL_MODE=@@SQL_MODE, SQL_MODE='NO_AUTO_VALUE_ON_ZERO' */;
/*!40111 SET @OLD_SQL_NOTES=@@SQL_NOTES, SQL_NOTES=0 */;

--
-- Table structure for table `channel`
--

DROP TABLE IF EXISTS `channel`;
/*!40101 SET @saved_cs_client     = @@character_set_client */;
/*!50503 SET character_set_client = utf8mb4 */;
CREATE TABLE `channel` (
  `ChannelName` varchar(45) NOT NULL,
  `ChannelID` varchar(5) NOT NULL,
  PRIMARY KEY (`ChannelID`)
) ENGINE=InnoDB DEFAULT CHARSET=utf8mb4 COLLATE=utf8mb4_0900_ai_ci;
/*!40101 SET character_set_client = @saved_cs_client */;

--
-- Dumping data for table `channel`
--

LOCK TABLES `channel` WRITE;
/*!40000 ALTER TABLE `channel` DISABLE KEYS */;
INSERT INTO `channel` VALUES ('take away','1'),('vending kiosk','2'),('delivery','3'),('dine-in','4'),('Others','5');
/*!40000 ALTER TABLE `channel` ENABLE KEYS */;
UNLOCK TABLES;

--
-- Table structure for table `fooddetails`
--

DROP TABLE IF EXISTS `fooddetails`;
/*!40101 SET @saved_cs_client     = @@character_set_client */;
/*!50503 SET character_set_client = utf8mb4 */;
CREATE TABLE `fooddetails` (
  `Menu` varchar(250) NOT NULL,
  `Category` varchar(100) DEFAULT NULL,
  `calories` float NOT NULL,
  PRIMARY KEY (`Menu`),
  UNIQUE KEY `Menu_UNIQUE` (`Menu`)
) ENGINE=InnoDB DEFAULT CHARSET=utf8mb4 COLLATE=utf8mb4_0900_ai_ci;
/*!40101 SET character_set_client = @saved_cs_client */;

--
-- Dumping data for table `fooddetails`
--

LOCK TABLES `fooddetails` WRITE;
/*!40000 ALTER TABLE `fooddetails` DISABLE KEYS */;
INSERT INTO `fooddetails` VALUES ('Chicken ceasar salad wrap','อาหารคาว',460),('chicken tender wrap','อาหารคาว',661),('Confetti Cookie Latte Frappe','เครื่องดื่ม',410),('espresso','เครื่องดื่ม',5),('M150','เครื่องดื่ม',90),('M150 ปีโป้ปั่น','เครื่องดื่ม',90),('popcorn','ขนม',200),('Pork-Chicken Steak and salad','อาหารคาว',598),('salmon BLT','อาหารคาว',510),('unif น้ำผักผลไม้รวม','เครื่องดื่ม',180),('vitamilk','นม',240),('Woody C+ Lock','เครื่องดื่ม',30),('กล้วย','ผลไม้',89),('กล้วยบวชชี','ขนม',230),('ก๋วยเตี๋ยวต้มยำ','อาหารคาว',335),('ก๋วยเตี๋ยวน้ำตก','อาหารคาว',180),('ก๋วยเตี๋ยวน้ำใส','อาหารคาว',235),('ก๋วยเตี๋ยวลุยสวนหมูเห็ดหอม','อาหารคาว',290),('ก๋วยเตี๋ยวหมูต้มยำ','อาหารคาว',335),('ก๋วยเตี๋ยวหมูตุ๋น','อาหารคาว',277),('ก๋วยเตี๋ยวเนื้อตุ๋น','อาหารคาว',298),('ก๋วยเตี๋ยวเรือน้ำตก','อาหารคาว',180),('กาแฟ','เครื่องดื่ม',90),('กาแฟกระป๋อง','เครื่องดื่ม',90),('กาแฟดำ','เครื่องดื่ม',90),('กาแฟดำเย็น','เครื่องดื่ม',90),('กาแฟนม','เครื่องดื่ม',68),('กาแฟมอคค่า','เครื่องดื่ม',197),('กาแฟร้อน','เครื่องดื่ม',90),('กาแฟเย็น','เครื่องดื่ม',130),('กุ้งทอดกระเทียม','อาหารคาว',259),('ขนมกรุบกรอบ เซท 1','ขนม',350),('ขนมกรุบกรอบ เซท 2','ขนม',380),('ขนมกรุบกรอบ เซท 3','ขนม',450),('ขนมจีนน้ำยา','อาหารคาว',320),('ขนมจีนแกงไตปลา','อาหารคาว',85),('ขนมจีบ','อาหารคาว',250),('ขนมจีบกุ้ง','อาหารคาว',120),('ขนมปังช็อคโกแลต','ขนม',440),('ขนมปังถั่วแดง','ขนม',300),('ขนมปังหน้าหมู','อาหารคาว',149),('ขนมปังแฮมชีส','อาหารคาว',347),('ขนมปังไส้ถั่วแดง','ขนม',300),('ขนมโตเกียวครีม','ขนม',600),('ข้าวกะเพรากุ้ง','อาหารคาว',540),('ข้าวกะเพราหมูสับ ไข่ดาว','อาหารคาว',650),('ข้าวกะเพราไก่','อาหารคาว',573),('ข้าวกะเพราไก่ ไข่ดาว','อาหารคาว',630),('ข้าวกุ้งทอดกระเทียมพริกไทย','อาหารคาว',340),('ข้าวขาหมู','อาหารคาว',350),('ข้าวคลุกกะปิ','อาหารคาว',614),('ข้าวทงคัตสึไก่ทอด','อาหารคาว',702),('ข้าวผักกะเพราะหมูสับไข่ดาว','อาหารคาว',600),('ข้าวผัดกะเพราหมูสับ','อาหารคาว',610),('ข้าวผัดผักบุ้ง','อาหารคาว',210),('ข้าวผัดผักบุ้ง ไข่ดาว','อาหารคาว',410),('ข้าวผัดพริกหมู ถั่วฝักยาว','อาหารคาว',265),('ข้าวผัดหมู','อาหารคาว',534),('ข้าวผัดหมู ไข่ดาว','อาหารคาว',606),('ข้าวผัดอเมริกัน','อาหารคาว',650),('ข้าวผัดเขียวหวานหมู ไข่ดาว','อาหารคาว',700),('ข้าวผัดเบคอน','อาหารคาว',587),('ข้าวผัดแกงเขียวหวานไก่','อาหารคาว',630),('ข้าวผัดแหนม','อาหารคาว',610),('ข้าวผัดไส้กรอก','อาหารคาว',520),('ข้าวมันไก่','อาหารคาว',585),('ข้าวมันไก่ทอด','อาหารคาว',695),('ข้าวราดกะเพรากุ้ง หมึก','อาหารคาว',540),('ข้าวราดแกงเขียวหวานไก่','อาหารคาว',483),('ข้าวหน้าหมูยากินิคุ','อาหารคาว',570),('ข้าวหน้าหมูย่าง','อาหารคาว',720),('ข้าวหน้าหมููทอดทงคัตซึไข่ข้น','อาหารคาว',678),('ข้าวหน้าแซลม่อนดองและกุ้งดอง','อาหารคาว',320),('ข้าวหมูกระเทียม ไข่ดาว','อาหารคาว',705),('ข้าวหมูทอด','อาหารคาว',525),('ข้าวหมูทอดทงคัตสึ','อาหารคาว',750),('ข้าวหมูอบ','อาหารคาว',174),('ข้าวหมููทอด','อาหารคาว',405),('ข้าวหมูแดง','อาหารคาว',540),('ข้าวเป็ดพะโล้','อาหารคาว',495),('ข้าวเหนียว','อาหารคาว',97),('ข้าวเหนียวปิ้ง','อาหารคาว',97),('ข้าวเหนียวหมูทอด','อาหารคาว',440),('ข้าวเหนียวหมูปิ้ง','อาหารคาว',340),('ข้าวเหนียวไก่ทอด','อาหารคาว',500),('ข้าวแกงกะหรี่หมูทอด','อาหารคาว',679),('ข้าวแกงกะหรี่ไก่ทอด','อาหารคาว',988),('ข้าวแกงเผ็ดหน่อไม้ไก่','อาหารคาว',365),('ข้าวไข่ข้นชีส','อาหารคาว',445),('ข้าวไข่ข้นเบคอน','อาหารคาว',445),('ข้าวไข่เจียว','อาหารคาว',445),('ครัวซองแฮมชีส','อาหารคาว',320),('คอหมูย่าง','อาหารคาว',372),('คะนอร์โจ๊กคัพ','อาหารคาว',120),('คิมบับ','อาหารคาว',418),('ชมพู่','ผลไม้',31),('ชานมไข่มุก','เครื่องดื่ม',400),('ชาบู','อาหารคาว',1070),('ชามะนาว','เครื่องดื่ม',350),('ชาเขียวองุ่นเคียวโห','เครื่องดื่ม',80),('ชาเย็น','เครื่องดื่ม',319),('ชาไข่มุก','เครื่องดื่ม',400),('ชาไทย','เครื่องดื่ม',319),('ชีสเค้ก','ขนม',321),('ชีโต้สรสชีส','ขนม',170),('ซาลาเปา','อาหารคาว',180),('ซีซาร์สลัด','อาหารคาว',230),('ซูชิ','อาหารคาว',198),('ติ่มซำ','อาหารคาว',108),('ถั่วแปบ','ขนม',220),('ทรัฟเฟิลพัฟ','อาหารคาว',230),('นมจืด','นม',100),('นมสดเย็น','นม',125),('นมเปรี้ยว','นม',300),('นมเปรี้ยวบีทาเก้น','เครื่องดื่ม',90),('นมเปรี้ี้ยว','เครื่องดื่ม',300),('น้ำตกหมู','อาหารคาว',165),('น้ำมะพร้าวปั่น','เครื่องดื่ม',530),('น้ำส้มปั่น','เครื่องดื่ม',44),('น้ำเขียวโซดา','เครื่องดื่ม',300),('น้ำเปล่า','เครื่องดื่ม',0),('น้ำแดง บ๋วย โซดา','เครื่องดื่ม',300),('บราวนี่','ขนม',180),('บะหมี่ี่ี่ผัก ไก่เทอริยากิ คลีน','อาหารคาว',320),('บะหมี่ี่ี่ี่หมูแดง','อาหารคาว',381),('บะหมี่ี่เบตง','อาหารคาว',390),('บะหมี่เกี๊ยวกุ้ง','อาหารคาว',360),('บะหมี่เกี่ยวหมูแดง','อาหารคาว',360),('บัวลอย','ขนม',300),('บัวลอยไข่หวาน','ขนม',420),('บิงซูชานมไต้หวัน','ขนม',478),('ปลานิลเผา','อาหารคาว',131),('ผัดผักบุ้ง','อาหารคาว',210),('ผัดเปรี้ยวหวานหมู ไข่เจียว','อาหารคาว',368),('ผัดเผ็ดถั่วฝักยาวหมู ไข่ดาว','อาหารคาว',873),('ผัดไท','อาหารคาว',486),('ฝรั่ง','ผลไม้',38),('ฝรั่ง ','ผลไม้',68),('พุดดิ้งคาราเมล','ขนม',223),('ฟักทองทอด','อาหารคาว',150),('มอคค่าปั่น','เครื่องดื่ม',400),('มอคค่าเย็น','เครื่องดื่ม',400),('มักกะโรนีกุ้ง','อาหารคาว',420),('มักกะโรนีเขียวหวานหมู ไข่ดาว','อาหารคาว',795),('มันฝรั่งทอด','ขนม',160),('มาม่าผัดขี้เมา','อาหารคาว',530),('ยำมะม่วงปลากรอบ','อาหารคาว',280),('ยำมาม่า','อาหารคาว',215),('ราดหน้า','อาหารคาว',405),('ลาบปลาดุก','อาหารคาว',553),('ลาบหมู','อาหารคาว',233),('ลาเต้','เครื่องดื่ม',45),('สปาเกตตี้','อาหารคาว',574),('สปาเกตตี้ผัดฉ่าทะเล','อาหารคาว',320),('ส้มตำ','อาหารคาว',40),('ส้มตำคอหมูย่าง','อาหารคาว',315),('ส้มตำปูปลาร้า','อาหารคาว',139),('ส้มตำไข่เค็ม','อาหารคาว',172),('สลัด','อาหารคาว',88),('สลัดอกไก่','อาหารคาว',390),('สลัดโรล','อาหารคาว',320),('สาหร่ายกุ้ง','อาหารคาว',110),('สุกี้','อาหารคาว',228),('สุกี้ทะเล','อาหารคาว',220),('สุกี้แห้งลีน อกไก่ย่าง','อาหารคาว',230),('สเต็กหมู','อาหารคาว',375),('หมูกระเทียม','อาหารคาว',645),('หมูปิ้ง ข้าวเหนียว','อาหารคาว',585),('หอยทอด','อาหารคาว',580),('หอยลายลวก','อาหารคาว',60),('อกไก่','อาหารคาว',90),('อเมริกาโน','เครื่องดื่ม',30),('ฮันนี่โทสต์','ขนม',800),('เกี๊ยวกุ้ง','อาหารคาว',305),('เคบับไก่','อาหารคาว',400),('เบคอน','อาหารคาว',350),('เบอร์เกอร์ข้าวเหนียวลาบแซ่บ','อาหารคาว',310),('เป็ดพะโล้','อาหารคาว',110),('เฟรนฟราย','อาหารคาว',220),('เลย์','ขนม',160),('เลย์ ถุงใหญ่','ขนม',390),('เลย์ รสกะเพรากรอบ','ขนม',390),('เส้นเล็กแห้งหมู','อาหารคาว',330),('เส้นใหญ่ราดหน้าหมู','อาหารคาว',397),('แกงส้มกุ้ง ไข่ทอดชะอม','อาหารคาว',433),('แซนวิชทูน่า','อาหารคาว',275),('แซลมอลซาซิมิ','อาหารคาว',210),('แฮมเบอร์เกอร์','อาหารคาว',250),('โกโก้ปั่น','เครื่องดื่ม',368),('โกโก้เย็น','เครื่องดื่ม',334),('โจ๊กหมู','อาหารคาว',160),('โจ๊กหมูใส่ไข่','อาหารคาว',250),('โดนัท','ขนม',452),('โอริโอ','ขนม',200),('โอเลี้ยง','เครื่องดื่ม',90),('ไก่ทอด','อาหารคาว',294),('ไก่ทอดเกาหลี 10 ชิ้น','อาหารคาว',239),('ไก่ทอดเกาหลี 16 ชิ้น','อาหารคาว',645),('ไก่ปิ้ง','อาหารคาว',170),('ไก่ย่าง','อาหารคาว',450),('ไก่ย่างวิเชียรบุรี','อาหารคาว',450),('ไข่ต้ม','อาหารคาว',160),('ไส้กรอก','อาหารคาว',346),('ไส้กรอกชีส','อาหารคาว',350),('ไส้กรอกทอด','อาหารคาว',560),('ไส้กรอกอิสาน','อาหารคาว',240),('ไส้กรอกเวียนนา','อาหารคาว',229),('ไอติม','ขนม',130);
/*!40000 ALTER TABLE `fooddetails` ENABLE KEYS */;
UNLOCK TABLES;

--
-- Table structure for table `foodtracker`
--

DROP TABLE IF EXISTS `foodtracker`;
/*!40101 SET @saved_cs_client     = @@character_set_client */;
/*!50503 SET character_set_client = utf8mb4 */;
CREATE TABLE `foodtracker` (
  `record_num` int NOT NULL AUTO_INCREMENT,
  `memberID` varchar(20) NOT NULL,
  `date` date NOT NULL,
  `meal` varchar(45) DEFAULT NULL,
  `menu` varchar(250) NOT NULL,
  `channel` varchar(5) NOT NULL,
  `shopName` varchar(200) DEFAULT NULL,
  `price` float DEFAULT NULL,
  PRIMARY KEY (`record_num`),
  KEY `Member_ID_idx` (`memberID`),
  KEY `Menu_idx` (`menu`),
  KEY `channel_idx` (`channel`),
  CONSTRAINT `foodtracker_ChanelName` FOREIGN KEY (`channel`) REFERENCES `channel` (`ChannelID`),
  CONSTRAINT `foodtracker_memdetails` FOREIGN KEY (`memberID`) REFERENCES `memberdetails` (`memberID`),
  CONSTRAINT `foodtracker_menu` FOREIGN KEY (`menu`) REFERENCES `fooddetails` (`Menu`)
) ENGINE=InnoDB AUTO_INCREMENT=366 DEFAULT CHARSET=utf8mb4 COLLATE=utf8mb4_0900_ai_ci;
/*!40101 SET character_set_client = @saved_cs_client */;

--
-- Dumping data for table `foodtracker`
--

LOCK TABLES `foodtracker` WRITE;
/*!40000 ALTER TABLE `foodtracker` DISABLE KEYS */;
INSERT INTO `foodtracker` VALUES (1,'member001','2023-01-01','บ่าย','M150','1','ร้านใกล้ camp ก่อสร้าง',10),(2,'member001','2023-01-01','เช้า','กาแฟกระป๋อง','1','seven-eleven',35),(3,'member001','2023-01-01','เช้า','ขนมจีบ','1','seven-eleven',18),(4,'member001','2023-01-01','กลางวัน','ข้าวมันไก่','1','ร้านใกล้ camp ก่อสร้าง',40),(5,'member001','2023-01-01','เช้า','ซาลาเปา','1','seven-eleven',20),(6,'member001','2023-01-01','กลางวัน','น้ำเปล่า','1','ร้านใกล้ camp ก่อสร้าง',10),(7,'member001','2023-01-01','เย็น','ผัดไท','1','ตลาดหน้านิคมอุตสาหกรรม',45),(8,'member001','2023-01-01','ค่ำ','ฝรั่ง','1','ร้านรถเข็นประจำ camp ก่อสร้าง',10),(9,'member002','2023-01-01','กลางวัน','คิมบับ','3','ร้านท้องถิ่น',180),(10,'member002','2023-01-01','เย็น','มันฝรั่งทอด','2','seven-eleven',30),(11,'member002','2023-01-01','เย็น','อกไก่','2','seven-eleven',40),(12,'member003','2023-01-01','กลางวัน','ก๋วยเตี๋ยวหมูต้มยำ','3','ร้านท้องถิ่น',40),(13,'member003','2023-01-01','เช้า','ข้าวเหนียวหมูทอด','3','ร้านท้องถิ่น',40),(14,'member003','2023-01-01','เย็น','สเต็กหมู','3','ร้านท้องถิ่น',75),(15,'member004','2023-01-01','เช้า','เกี๊ยวกุ้ง','3','seven-eleven',35),(16,'member004','2023-01-01','เช้า','ขนมปังแฮมชีส','3','seven-eleven',25),(17,'member004','2023-01-01','เย็น','ข้าวเหนียว','3','ร้านท้องถิ่น',10),(18,'member004','2023-01-01','เย็น','คอหมูย่าง','3','ร้านท้องถิ่น',80),(19,'member004','2023-01-01','เช้า','ชาเย็น','2','เต่าบิน',40),(20,'member004','2023-01-01','เย็น','นมสดเย็น','3','ร้านท้องถิ่น',20),(21,'member004','2023-01-01','กลางวัน','ผัดไท','3','ร้านท้องถิ่น',50),(22,'member001','2023-01-02','บ่าย','กาแฟดำเย็น','1','ร้านรถเข็นประจำ camp ก่อสร้าง',20),(23,'member001','2023-01-02','ค่ำ','ถั่วแปบ','1','ร้านใกล้ camp ก่อสร้าง',20),(24,'member001','2023-01-02','เช้า','นมเปรี้ยว','2','seven-eleven',25),(25,'member001','2023-01-02','กลางวัน','น้ำเขียวโซดา','1','ร้านใกล้ camp ก่อสร้าง',20),(26,'member001','2023-01-02','กลางวัน','ผัดเปรี้ยวหวานหมู ไข่เจียว','1','ร้านใกล้ camp ก่อสร้าง',40),(27,'member001','2023-01-02','เย็น','ผัดเผ็ดถั่วฝักยาวหมู ไข่ดาว','1','ร้านใกล้ camp ก่อสร้าง',40),(28,'member002','2023-01-02','เช้า','กาแฟมอคค่า','2','เต่าบิน',40),(29,'member002','2023-01-02','สาย','ข้าวผัดอเมริกัน','2','seven-eleven',45),(30,'member002','2023-01-02','เย็น','บะหมี่เกี๊ยวกุ้ง','3','ร้านท้องถิ่น',60),(31,'member003','2023-01-02','เย็น','กล้วยบวชชี','1','ร้านท้องถิ่น',25),(32,'member003','2023-01-02','เช้า','ขนมปังแฮมชีส','1','seven-eleven',20),(33,'member003','2023-01-02','เย็น','ข้าวเป็ดพะโล้','1','ร้านท้องถิ่น',60),(34,'member003','2023-01-02','กลางวัน','ผัดผักบุ้ง','1','ร้านท้องถิ่น',40),(35,'member004','2023-01-02','เย็น','ก๋วยเตี๋ยวหมูตุ๋น','3','ร้านท้องถิ่น',60),(36,'member004','2023-01-02','เช้า','ข้าวไข่ข้นชีส','3','ร้านท้องถิ่น',60),(37,'member004','2023-01-02','กลางวัน','ข้าวหมูทอด','3','ร้านท้องถิ่น',40),(38,'member004','2023-01-02','เช้า','ชาเย็น','2','เต่าบิน',40),(39,'member004','2023-01-02','เย็น','นมสดเย็น','3','ร้านท้องถิ่น',20),(40,'member001','2023-01-03','บ่าย','M150 ปีโป้ปั่น','1','ร้านรถเข็นประจำ camp ก่อสร้าง',20),(41,'member001','2023-01-03','เย็น','Pork-Chicken Steak and salad','3','Pang Pang',199),(42,'member001','2023-01-03','ค่ำ','vitamilk','1','seven-eleven',15),(43,'member001','2023-01-03','ค่ำ','ขนมปังไส้ถั่วแดง','1','seven-eleven',10),(44,'member001','2023-01-03','กลางวัน','ข้าวมันไก่ทอด','1','ร้านใกล้ camp ก่อสร้าง',40),(45,'member001','2023-01-03','เช้า','นมเปรี้ยว','2','seven-eleven',25),(46,'member001','2023-01-03','กลางวัน','ไส้กรอกทอด','1','ร้านใกล้ camp ก่อสร้าง',20),(47,'member002','2023-01-03','เช้า','espresso','5','ทำเอง',0),(48,'member002','2023-01-03','เช้า','เกี๊ยวกุ้ง','3','ร้านท้องถิ่น',55),(49,'member003','2023-01-03','เช้า','ขนมปังแฮมชีส','1','ร้านท้องถิ่น',20),(50,'member003','2023-01-03','เย็น','ข้าวไข่เจียว','1','ร้านท้องถิ่น',40),(51,'member003','2023-01-03','กลางวัน','ข้าวเป็ดพะโล้','1','ร้านท้องถิ่น',60),(52,'member001','2023-01-04','ค่ำ','Woody C+ Lock','2','seven-eleven',15),(53,'member001','2023-01-04','บ่าย','กาแฟดำ','1','ร้านรถเข็นประจำ camp ก่อสร้าง',20),(54,'member001','2023-01-04','สาย','ขนมโตเกียวครีม','1','ร้านรถเข็นประจำ camp ก่อสร้าง',20),(55,'member001','2023-01-04','กลางวัน','ข้าวคลุกกะปิ','1','ร้านใกล้ camp ก่อสร้าง',30),(56,'member001','2023-01-04','เย็น','ข้าวผัดหมู ไข่ดาว','1','ร้านใกล้ camp ก่อสร้าง',40),(57,'member001','2023-01-04','ค่ำ','โดนัท','1','ร้านรถเข็นประจำ camp ก่อสร้าง',10),(58,'member001','2023-01-04','เช้า','นมเปรี้ี้ยว','2','seven-eleven',25),(59,'member001','2023-01-04','กลางวัน','ไส้กรอกอิสาน','1','ร้านรถเข็นประจำ camp ก่อสร้าง',20),(60,'member002','2023-01-04','เช้า','espresso','5','ทำเอง',0),(61,'member002','2023-01-04','กลางวัน','ข้าวหน้าแซลม่อนดองและกุ้งดอง','3','ร้านท้องถิ่น',189),(62,'member003','2023-01-04','เช้า','ข้าวเหนียวปิ้ง','1','ร้านท้องถิ่น',20),(63,'member003','2023-01-04','เย็น','ราดหน้า','1','ร้านท้องถิ่น',35),(64,'member003','2023-01-04','กลางวัน','สเต็กหมู','1','ร้านท้องถิ่น',50),(65,'member004','2023-01-04','กลางวัน','กาแฟนม','5','ทำเอง',0),(66,'member004','2023-01-04','เช้า','โกโก้เย็น','2','เต่าบิน',35),(67,'member004','2023-01-04','เย็น','บัวลอยไข่หวาน','1','ตลาดปากน้ำ',25),(68,'member004','2023-01-04','เช้า','เบคอน','2','seven-eleven',69),(69,'member004','2023-01-04','กลางวัน','ผัดไท','1','ร้านแถวบ้าน',45),(70,'member004','2023-01-04','เย็น','หอยทอด','1','ตลาดปากน้ำ',40),(71,'member002','2023-01-05','กลางวัน','ข้าวหน้าหมูยากินิคุ','3','ร้านท้องถิ่น',159),(72,'member002','2023-01-05','เช้า','อกไก่','2','seven-eleven',40),(73,'member003','2023-01-05','เย็น','ลาบปลาดุก','1','ร้านท้องถิ่น',50),(74,'member003','2023-01-05','กลางวัน','ส้มตำไข่เค็ม','1','ร้านท้องถิ่น',50),(75,'member004','2023-01-05','เย็น','กุ้งทอดกระเทียม','3','ร้านใต้คอนโดข้างๆ',80),(76,'member004','2023-01-05','กลางวัน','ซูชิ','3','ร้านแถวบ้าน',119),(77,'member004','2023-01-05','ค่ำ','นมเปรี้ยวบีทาเก้น','1','ห้างสรรพสินค้า',19),(78,'member004','2023-01-05','เช้า','มอคค่าเย็น','2','เต่าบิน',45),(79,'member004','2023-01-05','เช้า','สลัด','3','ร้านแถวบ้าน',60),(80,'member001','2023-01-06','บ่าย','M150 ปีโป้ปั่น','1','ร้านรถเข็นประจำ camp ก่อสร้าง',20),(81,'member001','2023-01-06','ค่ำ','unif น้ำผักผลไม้รวม','2','seven-eleven',25),(82,'member001','2023-01-06','เย็น','ข้าวผัดเขียวหวานหมู ไข่ดาว','1','ร้านใกล้ camp ก่อสร้าง',35),(83,'member001','2023-01-06','กลางวัน','ข้าวราดกะเพรากุ้ง หมึก','1','ร้านใกล้ camp ก่อสร้าง',35),(84,'member001','2023-01-06','กลางวัน','น้ำแดง บ๋วย โซดา','1','ร้านรถเข็นประจำ camp ก่อสร้าง',20),(85,'member002','2023-01-06','กลางวัน','ไก่ทอดเกาหลี 16 ชิ้น','3','ร้านท้องถิ่น',209),(86,'member002','2023-01-06','เย็น','เฟรนฟราย','3','แมคโดนัล',79),(87,'member002','2023-01-06','สาย','ไส้กรอก','2','seven-eleven',44),(88,'member002','2023-01-06','เย็น','แฮมเบอร์เกอร์','3','แมคโดนัล',209),(89,'member003','2023-01-06','กลางวัน','ข้าวผัดกะเพราหมูสับ','1','ร้านท้องถิ่น',30),(90,'member003','2023-01-06','เย็น','เคบับไก่','1','ร้านท้องถิ่น',50),(91,'member003','2023-01-06','เช้า','แซนวิชทูน่า','1','ร้านท้องถิ่น',15),(92,'member004','2023-01-06','กลางวัน','ก๋วยเตี๋ยวเนื้อตุ๋น','1','ตลาดปากน้ำ',60),(93,'member004','2023-01-06','กลางวัน','กาแฟนม','5','ทำเอง',0),(94,'member004','2023-01-06','เย็น','โกโก้เย็น','2','เต่าบิน',35),(95,'member004','2023-01-06','เย็น','คอหมูย่าง','3','ร้านค้าแถวคอนโด',60),(96,'member004','2023-01-06','กลางวัน','ชีสเค้ก','2','seven-eleven',35),(97,'member001','2023-01-07','กลางวัน','เกี๊ยวกุ้ง','2','seven-eleven',35),(98,'member001','2023-01-07','เย็น','แกงส้มกุ้ง ไข่ทอดชะอม','1','ตลาดหน้านิคมอุตสาหกรรม',70),(99,'member001','2023-01-07','ค่ำ','ชาไทย','1','seven-eleven',30),(100,'member001','2023-01-07','กลางวัน','นมเปรี้ยว','2','seven-eleven',25),(101,'member001','2023-01-07','ค่ำ','เลย์ รสกะเพรากรอบ','1','seven-eleven',25),(102,'member002','2023-01-07','เย็น','ข้าวหน้าหมููทอดทงคัตซึไข่ข้น','3','ร้านท้องถิ่น',159),(103,'member003','2023-01-07','เช้า','ก๋วยเตี๋ยวน้ำตก','1','ร้านท้องถิ่น',40),(104,'member003','2023-01-07','กลางวัน','ก๋วยเตี๋ยวหมูต้มยำ','1','ร้านท้องถิ่น',50),(105,'member003','2023-01-07','เย็น','ข้าวผัดผักบุ้ง','1','ร้านท้องถิ่น',50),(106,'member004','2023-01-07','เย็น','ก๋วยเตี๋ยวเนื้อตุ๋น','1','ตลาดปากน้ำ',60),(107,'member004','2023-01-07','กลางวัน','กาแฟนม','5','ทำเอง',0),(108,'member004','2023-01-07','กลางวัน','ข้าวผัดเบคอน','3','ร้านค้าแถวคอนโด',45),(109,'member004','2023-01-07','เย็น','นมสดเย็น','1','ตลาดปากน้ำ',25),(110,'member004','2023-01-07','กลางวัน','เลย์','2','seven-eleven',30),(111,'member001','2023-01-08','กลางวัน','เกี๊ยวกุ้ง','2','seven-eleven',35),(112,'member001','2023-01-08','เย็น','ข้าวกะเพราไก่ ไข่ดาว','1','ร้านใกล้ camp ก่อสร้าง',40),(113,'member001','2023-01-08','เช้า','นมเปรี้ยว','2','seven-eleven',25),(114,'member001','2023-01-08','บ่าย','น้ำแดง บ๋วย โซดา','1','ร้านรถเข็นประจำ camp ก่อสร้าง',20),(115,'member001','2023-01-08','ค่ำ','ไส้กรอกทอด','1','ร้านใกล้ camp ก่อสร้าง',20),(116,'member002','2023-01-08','กลางวัน','สลัดอกไก่','3','getfresh',169),(117,'member003','2023-01-08','กลางวัน','ก๋วยเตี๋ยวหมูต้มยำ','3','ร้านท้องถิ่น',45),(118,'member003','2023-01-08','เช้า','กาแฟเย็น','1','ร้านท้องถิ่น',10),(119,'member003','2023-01-08','เช้า','ข้าวเหนียวไก่ทอด','1','ร้านท้องถิ่น',40),(120,'member003','2023-01-08','เย็น','ข้าวเหนียวหมูทอด','3','ร้านท้องถิ่น',60),(121,'member004','2023-01-08','กลางวัน','โกโก้เย็น','2','เต่าบิน',35),(122,'member004','2023-01-08','เย็น','คอหมูย่าง','3','ร้านค้าแถวคอนโด',60),(123,'member004','2023-01-08','กลางวัน','ชีโต้สรสชีส','2','seven-eleven',20),(124,'member004','2023-01-08','กลางวัน','ซูชิ','3','ร้านแถวบ้าน',119),(125,'member001','2023-01-09','เช้า','ขนมปังไส้ถั่วแดง','1','seven-eleven',10),(126,'member001','2023-01-09','กลางวัน','ข้าวกะเพราหมูสับ ไข่ดาว','1','ร้านใกล้ camp ก่อสร้าง',40),(127,'member001','2023-01-09','เช้า','นมเปรี้ยว','2','seven-eleven',25),(128,'member001','2023-01-09','บ่าย','น้ำแดง บ๋วย โซดา','1','ร้านรถเข็นประจำ camp ก่อสร้าง',20),(129,'member001','2023-01-09','ค่ำ','หมูปิ้ง ข้าวเหนียว','1','ร้านรถเข็นประจำ camp ก่อสร้าง',40),(130,'member002','2023-01-09','บ่าย','Chicken ceasar salad wrap','1','ร้านในอาคารสำนักงาน',189),(131,'member002','2023-01-09','สาย','กล้วย','1','Tops Supermarket',8),(132,'member002','2023-01-09','บ่าย','ขนมกรุบกรอบ เซท 2','5','ทำเอง',0),(133,'member002','2023-01-09','ค่ำ','ฟักทองทอด','3','ร้านท้องถิ่น',79),(134,'member002','2023-01-09','สาย','ลาเต้','5','ทำเอง',0),(135,'member003','2023-01-09','เช้า','ขนมปังแฮมชีส','1','seven-eleven',25),(136,'member003','2023-01-09','กลางวัน','ข้าวกะเพราไก่','1','ร้านท้องถิ่น',40),(137,'member003','2023-01-09','ค่ำ','บราวนี่','5','ทำเอง',0),(138,'member003','2023-01-09','เย็น','ผัดไท','1','ร้านท้องถิ่น',40),(139,'member004','2023-01-09','เย็น','ไก่ย่าง','4','ไก่ย่างเขาสวนกวาง',180),(140,'member004','2023-01-09','เย็น','ข้าวเหนียว','4','ไก่ย่างเขาสวนกวาง',20),(141,'member004','2023-01-09','กลางวัน','ชานมไข่มุก','3','koi',80),(142,'member004','2023-01-09','เช้า','พุดดิ้งคาราเมล','2','seven-eleven',35),(143,'member004','2023-01-09','เช้า','มอคค่าเย็น','2','เต่าบิน',45),(144,'member004','2023-01-09','เย็น','ส้มตำ','4','ไก่ย่างเขาสวนกวาง',60),(145,'member004','2023-01-09','เช้า','สลัด','1','ห้างสรรพสินค้า',120),(146,'member004','2023-01-09','กลางวัน','เส้นเล็กแห้งหมู','4','ร้านอาหารข้างคอนโด',45),(147,'member001','2023-01-10','ค่ำ','vitamilk','1','seven-eleven',15),(148,'member001','2023-01-10','เช้า','กาแฟ','1','seven-eleven',35),(149,'member001','2023-01-10','กลางวัน','ข้าวมันไก่','1','ร้านใกล้ camp ก่อสร้าง',40),(150,'member001','2023-01-10','เย็น','ผัดไท','1','ตลาดหน้านิคมอุตสาหกรรม',45),(151,'member001','2023-01-10','บ่าย','โอเลี้ยง','1','ร้านรถเข็นประจำ camp ก่อสร้าง',20),(152,'member002','2023-01-10','เย็น','Chicken ceasar salad wrap','3','ร้านในอาคารสำนักงาน',189),(153,'member002','2023-01-10','สาย','espresso','5','ทำเอง',0),(154,'member002','2023-01-10','บ่าย','ไก่ปิ้ง','4','Foodcourt',30),(155,'member002','2023-01-10','บ่าย','ขนมจีนน้ำยา','4','Foodcourt',45),(156,'member002','2023-01-10','สาย','แซนวิชทูน่า','1','Tops Supermarket',69),(157,'member003','2023-01-10','กลางวัน','ก๋วยเตี๋ยวต้มยำ','1','ร้านท้องถิ่น',40),(158,'member003','2023-01-10','เย็น','ข้าวมันไก่','1','ร้านท้องถิ่น',40),(159,'member003','2023-01-10','เย็น','บราวนี่','5','ทำเอง',0),(160,'member003','2023-01-10','เช้า','ไส้กรอกชีส','1','seven-eleven',42),(161,'member004','2023-01-10','เช้า','ขนมปังแฮมชีส','1','ห้างสรรพสินค้า',60),(162,'member004','2023-01-10','กลางวัน','ข้าวผัดเบคอน','3','ร้านค้าแถวคอนโด',45),(163,'member004','2023-01-10','เย็น','ข้าวหมูทอด','3','ร้านท้องถิ่น',40),(164,'member004','2023-01-10','ค่ำ','เลย์','2','seven-eleven',20),(165,'member001','2023-01-11','บ่าย','กาแฟร้อน','1','ร้านรถเข็นประจำ camp ก่อสร้าง',20),(166,'member001','2023-01-11','ค่ำ','เกี๊ยวกุ้ง','2','seven-eleven',35),(167,'member001','2023-01-11','กลางวัน','ชานมไข่มุก','1','ร้านใกล้ camp ก่อสร้าง',20),(168,'member001','2023-01-11','ค่ำ','นมเปรี้ยว','2','seven-eleven',25),(169,'member001','2023-01-11','กลางวัน','ไส้กรอกอิสาน','1','ร้านใกล้ camp ก่อสร้าง',30),(170,'member002','2023-01-11','บ่าย','ข้าวหน้าหมูย่าง','4','ร้านในอาคารสำนักงาน',159),(171,'member002','2023-01-11','เย็น','ซีซาร์สลัด','3','ร้านในอาคารสำนักงาน',159),(172,'member002','2023-01-11','เช้า','อเมริกาโน','1','ร้านในอาคารสำนักงาน',70),(173,'member003','2023-01-11','สาย','กล้วยบวชชี','5','ทำเอง',0),(174,'member003','2023-01-11','เย็น','ยำมะม่วงปลากรอบ','1','ร้านท้องถิ่น',40),(175,'member003','2023-01-11','กลางวัน','สุกี้ทะเล','1','ร้านในอาคารสำนักงาน',50),(176,'member004','2023-01-11','เช้า','เกี๊ยวกุ้ง','3','seven-eleven',35),(177,'member004','2023-01-11','กลางวัน','ข้าวไข่ข้นเบคอน','3','ร้านอาหารข้างคอนโด',60),(178,'member004','2023-01-11','กลางวัน','น้ำมะพร้าวปั่น','3','ร้านอาหารข้างคอนโด',30),(179,'member004','2023-01-11','เช้า','มอคค่าปั่น','3','seven-eleven',55),(180,'member004','2023-01-11','ค่ำ','เลย์','2','seven-eleven',20),(181,'member004','2023-01-11','เย็น','หอยลายลวก','4','ร้านท้องถิ่น',100),(182,'member001','2023-01-12','ค่ำ','vitamilk','1','seven-eleven',15),(183,'member001','2023-01-12','กลางวัน','ข้าวผัดหมู ไข่ดาว','1','ร้านใกล้ camp ก่อสร้าง',40),(184,'member001','2023-01-12','เย็น','ข้าวมันไก่ทอด','1','ร้านใกล้ camp ก่อสร้าง',40),(185,'member001','2023-01-12','บ่าย','น้ำแดง บ๋วย โซดา','1','ร้านรถเข็นประจำ camp ก่อสร้าง',20),(186,'member002','2023-01-12','สาย','espresso','5','ทำเอง',0),(187,'member002','2023-01-12','บ่าย','ข้าวแกงกะหรี่หมูทอด','4','ร้านแถวที่ทำงาน',160),(188,'member002','2023-01-12','เย็น','ฝรั่ง','1','ร้านในอาคารสำนักงาน',30),(189,'member002','2023-01-12','สาย','สลัดโรล','1','Tops Supermarket',69),(190,'member003','2023-01-12','ค่ำ','กล้วยบวชชี','5','ทำเอง',0),(191,'member003','2023-01-12','กลางวัน','ข้าวหมูอบ','1','ร้านแถวที่ทำงาน',50),(192,'member003','2023-01-12','เช้า','โจ๊กหมูใส่ไข่','1','ร้านแถวที่ทำงาน',30),(193,'member003','2023-01-12','เย็น','ส้มตำปูปลาร้า','1','ร้านท้องถิ่น',60),(194,'member004','2023-01-12','เช้า','ขนมปังหน้าหมู','3','ตลาดปากน้ำ',40),(195,'member004','2023-01-12','กลางวัน','ชานมไข่มุก','3','GAGA',120),(196,'member004','2023-01-12','เย็น','ปลานิลเผา','4','ร้านท้องถิ่น',120),(197,'member004','2023-01-12','เช้า','มอคค่าเย็น','2','เต่าบิน',45),(198,'member004','2023-01-12','เย็น','ลาบหมู','4','ร้านท้องถิ่น',45),(199,'member004','2023-01-12','เช้า','ไส้กรอกเวียนนา','1','Foodland',70),(200,'member001','2023-01-13','เช้า','เกี๊ยวกุ้ง','2','seven-eleven',35),(201,'member001','2023-01-13','เย็น','ข้าวหมูกระเทียม ไข่ดาว','1','ร้านใกล้ camp ก่อสร้าง',40),(202,'member001','2023-01-13','กลางวัน','ชานมไข่มุก','1','ร้านใกล้ camp ก่อสร้าง',20),(203,'member001','2023-01-13','เช้า','นมเปรี้ยว','2','seven-eleven',25),(204,'member001','2023-01-13','ค่ำ','นมเปรี้ยว','2','seven-eleven',25),(205,'member001','2023-01-13','กลางวัน','ไส้กรอกอิสาน','1','ร้านใกล้ camp ก่อสร้าง',30),(206,'member002','2023-01-13','บ่าย','ขนมกรุบกรอบ เซท 3','5','ทำเอง',0),(207,'member002','2023-01-13','บ่าย','ข้าวผักกะเพราะหมูสับไข่ดาว','3','ร้านแถวที่ทำงาน',70),(208,'member002','2023-01-13','เช้า','อเมริกาโน','5','ทำเอง',0),(209,'member003','2023-01-13','เย็น','ก๋วยเตี๋ยวต้มยำ','1','ร้านท้องถิ่น',40),(210,'member003','2023-01-13','เช้า','ข้าวเหนียวหมูปิ้ง','1','ร้านแถวที่ทำงาน',25),(211,'member003','2023-01-13','กลางวัน','สปาเกตตี้ผัดฉ่าทะเล','1','ร้านในอาคารสำนักงาน',50),(212,'member004','2023-01-13','เย็น','ก๋วยเตี๋ยวลุยสวนหมูเห็ดหอม','3','ร้านใกล้คอนโด',50),(213,'member004','2023-01-13','กลางวัน','ขนมจีนแกงไตปลา','3','ร้านท้องถิ่น',40),(214,'member004','2023-01-13','กลางวัน','น้ำส้มปั่น','3','ร้านท้องถิ่น',40),(215,'member004','2023-01-13','เช้า','มอคค่าเย็น','2','เต่าบิน',45),(216,'member004','2023-01-13','เช้า','มักกะโรนีกุ้ง','4','ร้านใกล้คอนโด',65),(217,'member001','2023-01-14','ค่ำ','Woody C+ Lock','2','seven-eleven',15),(218,'member001','2023-01-14','บ่าย','โกโก้เย็น','1','ร้านรถเข็นประจำ camp ก่อสร้าง',20),(219,'member001','2023-01-14','เย็น','ข้าวผัดเขียวหวานหมู ไข่ดาว','1','ร้านใกล้ camp ก่อสร้าง',35),(220,'member001','2023-01-14','กลางวัน','ข้าวผัดเขียวหวานหมู ไข่ดาว','1','ร้านใกล้ camp ก่อสร้าง',35),(221,'member001','2023-01-14','ค่ำ','โดนัท','1','ร้านรถเข็นประจำ camp ก่อสร้าง',10),(222,'member002','2023-01-14','เย็น','salmon BLT','3','shari shari',240),(223,'member002','2023-01-14','เย็น','ชาเขียวองุ่นเคียวโห','5','ทำเอง',0),(224,'member002','2023-01-14','กลางวัน','สลัดอกไก่','3','getfresh',159),(225,'member003','2023-01-14','กลางวัน','ข้าวผัดแกงเขียวหวานไก่','1','ร้านท้องถิ่น',45),(226,'member003','2023-01-14','สาย','บราวนี่','5','ทำเอง',0),(227,'member003','2023-01-14','เย็น','บะหมี่ี่ี่ี่หมูแดง','1','ร้านท้องถิ่น',40),(228,'member004','2023-01-14','กลางวัน','แซลมอลซาซิมิ','3','ตลาดปากน้ำ',99),(229,'member004','2023-01-14','เย็น','น้ำตกหมู','1','ร้านค้าแถวคอนโด',35),(230,'member004','2023-01-14','เย็น','เป็ดพะโล้','1','ร้านค้าแถวคอนโด',45),(231,'member004','2023-01-14','เช้า','มอคค่าเย็น','2','เต่าบิน',45),(232,'member004','2023-01-14','ค่ำ','เลย์','2','seven-eleven',20),(233,'member001','2023-01-15','บ่าย','กาแฟดำเย็น','1','ร้านใกล้คอนโด',35),(234,'member001','2023-01-15','เช้า','ขนมปังไส้ถั่วแดง','1','seven-eleven',10),(235,'member001','2023-01-15','กลางวัน','ข้าวมันไก่ทอด','1','ร้านใกล้คอนโด',60),(236,'member001','2023-01-15','เช้า','ชามะนาว','1','seven-eleven',20),(237,'member001','2023-01-15','เย็น','มักกะโรนีเขียวหวานหมู ไข่ดาว','1','ร้านใกล้ camp ก่อสร้าง',35),(238,'member002','2023-01-15','สาย','espresso','5','ทำเอง',0),(239,'member002','2023-01-15','กลางวัน','ข้าวทงคัตสึไก่ทอด','3','ร้านใกล้คอนโด',159),(240,'member002','2023-01-15','สาย','นมจืด','5','ทำเอง',0),(241,'member003','2023-01-15','สาย','ก๋วยเตี๋ยวต้มยำ','1','ร้านท้องถิ่น',40),(242,'member003','2023-01-15','บ่าย','ข้าวหมูทอดทงคัตสึ','4','ร้านในห้าง',200),(243,'member003','2023-01-15','เย็น','ฮันนี่โทสต์','4','ร้านในห้าง',230),(244,'member004','2023-01-15','เช้า','ขนมจีบกุ้ง','3','seven-eleven',22),(245,'member004','2023-01-15','กลางวัน','ข้าวมันไก่ทอด','1','ร้านค้าแถวคอนโด',40),(246,'member004','2023-01-15','เย็น','น้ำมะพร้าวปั่น','3','ตลาดปากน้ำ',40),(247,'member004','2023-01-15','เย็น','ผัดไท','3','ตลาดปากน้ำ',45),(248,'member004','2023-01-15','เช้า','มอคค่าปั่น','3','seven-eleven',55),(249,'member004','2023-01-15','เช้า','สาหร่ายกุ้ง','3','seven-eleven',20),(250,'member001','2023-01-16','บ่าย','กาแฟดำเย็น','1','ร้านรถเข็นประจำ camp ก่อสร้าง',20),(251,'member001','2023-01-16','เช้า','ไข่ต้ม','1','seven-eleven',16),(252,'member001','2023-01-16','เช้า','โจ๊กหมู','1','seven-eleven',23),(253,'member001','2023-01-16','ค่ำ','เส้นใหญ่ราดหน้าหมู','1','ร้านใกล้ camp ก่อสร้าง',40),(254,'member001','2023-01-16','กลางวัน','หมูกระเทียม','1','ร้านใกล้ camp ก่อสร้าง',35),(255,'member002','2023-01-16','กลางวัน','ก๋วยเตี๋ยวน้ำใส','1','ร้านใกล้คอนโด',45),(256,'member002','2023-01-16','เย็น','บิงซูชานมไต้หวัน','3','ร้านใกล้คอนโด',99),(257,'member003','2023-01-16','กลางวัน','ข้าวแกงกะหรี่ไก่ทอด','1','ร้านในอาคารสำนักงาน',55),(258,'member003','2023-01-16','เช้า','ข้าวไข่ข้นชีส','1','seven-eleven',55),(259,'member003','2023-01-16','เย็น','ข้าวผัดแหนม','1','ร้านท้องถิ่น',40),(260,'member004','2023-01-16','เช้า','ขนมปังแฮมชีส','3','seven-eleven',30),(261,'member004','2023-01-16','กลางวัน','ข้าวผัดไส้กรอก','3','seven-eleven',35),(262,'member004','2023-01-16','เย็น','คอหมูย่าง','1','ร้านค้าแถวคอนโด',80),(263,'member004','2023-01-16','กลางวัน','มอคค่าเย็น','2','เต่าบิน',45),(264,'member001','2023-01-17','บ่าย','M150','1','ร้านรถเข็นประจำ camp ก่อสร้าง',10),(265,'member001','2023-01-17','ค่ำ','unif น้ำผักผลไม้รวม','2','seven-eleven',35),(266,'member001','2023-01-17','เช้า','กาแฟ','1','seven-eleven',35),(267,'member001','2023-01-17','เช้า','ขนมปังถั่วแดง','1','seven-eleven',12),(268,'member001','2023-01-17','เย็น','ข้าวกะเพรากุ้ง','1','ร้านใกล้ camp ก่อสร้าง',45),(269,'member001','2023-01-17','กลางวัน','ข้าวแกงเผ็ดหน่อไม้ไก่','1','ร้านใกล้ camp ก่อสร้าง',35),(270,'member001','2023-01-17','ค่ำ','เลย์ ถุงใหญ่','2','seven-eleven',25),(271,'member002','2023-01-17','บ่าย','ขนมจีบกุ้ง','3','ร้านใกล้คอนโด',59),(272,'member002','2023-01-17','ค่ำ','ติ่มซำ','3','ร้านใกล้คอนโด',39),(273,'member002','2023-01-17','เย็น','บะหมี่ี่เบตง','3','ร้านใกล้คอนโด',79),(274,'member002','2023-01-17','สาย','อเมริกาโน','5','ทำเอง',0),(275,'member003','2023-01-17','กลางวัน','ข้าวหมููทอด','1','ร้านในอาคารสำนักงาน',40),(276,'member003','2023-01-17','สาย','ชมพู่','1','ร้านในอาคารสำนักงาน',20),(277,'member003','2023-01-17','เช้า','เบอร์เกอร์ข้าวเหนียวลาบแซ่บ','1','seven-eleven',27),(278,'member003','2023-01-17','เย็น','ยำมาม่า','1','ร้านท้องถิ่น',40),(279,'member004','2023-01-17','กลางวัน','ข้าวมันไก่ทอด','1','ร้านค้าแถวคอนโด',40),(280,'member004','2023-01-17','เย็น','คอหมูย่าง','3','ร้านท้องถิ่น',80),(281,'member004','2023-01-17','เช้า','ชาเย็น','2','เต่าบิน',45),(282,'member004','2023-01-17','กลางวัน','น้ำมะพร้าวปั่น','3','ตลาดปากน้ำ',40),(283,'member001','2023-01-18','กลางวัน','ข้าวราดแกงเขียวหวานไก่','1','ร้านใกล้ camp ก่อสร้าง',40),(284,'member001','2023-01-18','เย็น','ข้าวหมูทอด','1','ร้านใกล้ camp ก่อสร้าง',40),(285,'member001','2023-01-18','ค่ำ','ชาไข่มุก','1','ร้านใกล้ camp ก่อสร้าง',20),(286,'member001','2023-01-18','บ่าย','น้ำแดง บ๋วย โซดา','1','ร้านรถเข็นประจำ camp ก่อสร้าง',20),(287,'member002','2023-01-18','สาย','espresso','5','ทำเอง',0),(288,'member002','2023-01-18','สาย','ไก่ทอด','1','ร้านแถวที่ทำงาน',35),(289,'member002','2023-01-18','ค่ำ','ขนมกรุบกรอบ เซท 1','5','ทำเอง',0),(290,'member002','2023-01-18','บ่าย','สุกี้','3','MK',139),(291,'member003','2023-01-18','เย็น','ก๋วยเตี๋ยวต้มยำ','1','ร้านท้องถิ่น',40),(292,'member003','2023-01-18','กลางวัน','ข้าวหมูแดง','1','ร้านในอาคารสำนักงาน',40),(293,'member003','2023-01-18','เช้า','ครัวซองแฮมชีส','1','seven-eleven',29),(294,'member003','2023-01-18','ค่ำ','บราวนี่','5','ทำเอง',0),(295,'member004','2023-01-18','เย็น','กุ้งทอดกระเทียม','3','ร้านใต้คอนโดข้างๆ',80),(296,'member004','2023-01-18','เช้า','ข้าวไข่ข้นชีส','3','ร้านท้องถิ่น',60),(297,'member004','2023-01-18','กลางวัน','ข้าวผัดเบคอน','3','ร้านค้าแถวคอนโด',45),(298,'member004','2023-01-18','เย็น','นมสดเย็น','3','ร้านท้องถิ่น',20),(299,'member001','2023-01-19','บ่าย','M150 ปีโป้ปั่น','1','ร้านรถเข็นประจำ camp ก่อสร้าง',20),(300,'member001','2023-01-19','เช้า','กาแฟ','1','seven-eleven',35),(301,'member001','2023-01-19','เช้า','เกี๊ยวกุ้ง','1','seven-eleven',35),(302,'member001','2023-01-19','เย็น','ข้าวผัดพริกหมู ถั่วฝักยาว','1','ร้านรถเข็นประจำ camp ก่อสร้าง',35),(303,'member001','2023-01-19','ค่ำ','บัวลอย','1','ร้านใกล้ camp ก่อสร้าง',25),(304,'member001','2023-01-19','กลางวัน','มาม่าผัดขี้เมา','1','ร้านใกล้ camp ก่อสร้าง',35),(305,'member002','2023-01-19','สาย','chicken tender wrap','1','texas chicken',101),(306,'member002','2023-01-19','เช้า','Confetti Cookie Latte Frappe','1','starbucks',189),(307,'member002','2023-01-19','เย็น','ชาบู','4','ร้านในอาคารสำนักงาน',899),(308,'member002','2023-01-19','บ่าย','ส้มตำคอหมูย่าง','3','ร้านท้องถิ่น',50),(309,'member003','2023-01-19','กลางวัน','ข้าวกุ้งทอดกระเทียมพริกไทย','1','ร้านท้องถิ่น',50),(310,'member003','2023-01-19','ค่ำ','ข้าวผัดผักบุ้ง ไข่ดาว','4','ร้านท้องถิ่น',50),(311,'member003','2023-01-19','เช้า','ข้าวเหนียวหมูปิ้ง','1','ร้านท้องถิ่น',25),(312,'member004','2023-01-19','เช้า','คะนอร์โจ๊กคัพ','1','ห้างสรรพสินค้า',18),(313,'member004','2023-01-19','เย็น','นมสดเย็น','3','ร้านท้องถิ่น',20),(314,'member004','2023-01-19','เย็น','เฟรนฟราย','3','แมคโดนัล',79),(315,'member004','2023-01-19','กลางวัน','แฮมเบอร์เกอร์','3','แมคโดนัล',209),(316,'member001','2023-01-20','ค่ำ','unif น้ำผักผลไม้รวม','2','seven-eleven',35),(317,'member001','2023-01-20','เย็น','ข้าวกะเพรากุ้ง','1','ร้านใกล้ camp ก่อสร้าง',45),(318,'member001','2023-01-20','บ่าย','ชานมไข่มุก','1','ร้านใกล้ camp ก่อสร้าง',20),(319,'member001','2023-01-20','ค่ำ','เลย์ ถุงใหญ่','2','seven-eleven',25),(320,'member001','2023-01-20','กลางวัน','เส้นใหญ่ราดหน้าหมู','1','ร้านใกล้ camp ก่อสร้าง',40),(321,'member002','2023-01-20','บ่าย','สุกี้แห้งลีน อกไก่ย่าง','3','ร้านท้องถิ่น',89),(322,'member002','2023-01-20','ค่ำ','ไอติม','3','ร้านท้องถิ่น',40),(323,'member003','2023-01-20','สาย','ก๋วยเตี๋ยวต้มยำ','3','ร้านท้องถิ่น',50),(324,'member003','2023-01-20','ค่ำ','ยำมาม่า','1','ร้านท้องถิ่น',40),(325,'member004','2023-01-20','เย็น','กุ้งทอดกระเทียม','3','ร้านใต้คอนโดข้างๆ',80),(326,'member004','2023-01-20','เช้า','เกี๊ยวกุ้ง','3','seven-eleven',35),(327,'member004','2023-01-20','กลางวัน','ไก่ย่างวิเชียรบุรี','1','ร้านท้องถิ่น',80),(328,'member004','2023-01-20','กลางวัน','น้ำมะพร้าวปั่น','3','ตลาดปากน้ำ',40),(329,'member001','2023-01-21','ค่ำ','unif น้ำผักผลไม้รวม','2','seven-eleven',35),(330,'member001','2023-01-21','บ่าย','โกโก้เย็น','1','ร้านรถเข็นประจำ camp ก่อสร้าง',20),(331,'member001','2023-01-21','เย็น','ข้าวผัดเขียวหวานหมู ไข่ดาว','1','ร้านใกล้ camp ก่อสร้าง',35),(332,'member001','2023-01-21','กลางวัน','ข้าวผัดเขียวหวานหมู ไข่ดาว','1','ร้านใกล้ camp ก่อสร้าง',35),(333,'member001','2023-01-21','ค่ำ','โดนัท','1','ร้านรถเข็นประจำ camp ก่อสร้าง',10),(334,'member002','2023-01-21','เย็น','โกโก้ปั่น','4','true coffee',56),(335,'member002','2023-01-21','เย็น','ทรัฟเฟิลพัฟ','4','true coffee',33),(336,'member002','2023-01-21','เช้า','บะหมี่ี่ี่ผัก ไก่เทอริยากิ คลีน','3','ร้านท้องถิ่น',89),(337,'member003','2023-01-21','กลางวัน','ก๋วยเตี๋ยวต้มยำ','1','ร้านท้องถิ่น',40),(338,'member003','2023-01-21','เย็น','ก๋วยเตี๋ยวต้มยำ','1','ร้านท้องถิ่น',40),(339,'member003','2023-01-21','เช้า','ก๋วยเตี๋ยวเรือน้ำตก','1','ร้านท้องถิ่น',35),(340,'member004','2023-01-21','เช้า','ขนมปังแฮมชีส','1','seven-eleven',35),(341,'member004','2023-01-21','กลางวัน','ข้าวไข่ข้นชีส','3','ร้านท้องถิ่น',60),(342,'member004','2023-01-21','เย็น','นมสดเย็น','3','ร้านท้องถิ่น',20),(343,'member004','2023-01-21','เย็น','บะหมี่เกี่ยวหมูแดง','3','ร้านค้าแถวคอนโด',40),(344,'member001','2023-01-22','บ่าย','M150 ปีโป้ปั่น','1','ร้านรถเข็นประจำ camp ก่อสร้าง',20),(345,'member001','2023-01-22','เช้า','กาแฟกระป๋อง','1','seven-eleven',35),(346,'member001','2023-01-22','เย็น','แกงส้มกุ้ง ไข่ทอดชะอม','1','ตลาดหน้านิคมอุตสาหกรรม',70),(347,'member001','2023-01-22','ค่ำ','ชาไทย','1','seven-eleven',30),(348,'member001','2023-01-22','เช้า','ซาลาเปา','1','seven-eleven',20),(349,'member001','2023-01-22','กลางวัน','มาม่าผัดขี้เมา','1','ร้านใกล้ camp ก่อสร้าง',35),(350,'member001','2023-01-22','ค่ำ','เลย์ รสกะเพรากรอบ','1','seven-eleven',25),(351,'member002','2023-01-22','กลางวัน','espresso','5','ทำเอง',0),(352,'member002','2023-01-22','เย็น','ไก่ทอดเกาหลี 10 ชิ้น','4','ร้านท้องถิ่น',125),(353,'member002','2023-01-22','กลางวัน','สปาเกตตี้','4','ร้านในห้าง',250),(354,'member003','2023-01-22','เย็น','ขนมปังช็อคโกแลต','5','ทำเอง',0),(355,'member003','2023-01-22','กลางวัน','ข้าวผัดหมู','1','ร้านท้องถิ่น',40),(356,'member003','2023-01-22','สาย','แซนวิชทูน่า','1','seven-eleven',25),(357,'member004','2023-01-22','เย็น','ข้าวมันไก่ทอด','1','ร้านค้าแถวคอนโด',40),(358,'member004','2023-01-22','เย็น','คอหมูย่าง','3','ร้านท้องถิ่น',80),(359,'member004','2023-01-22','กลางวัน','ชาเย็น','2','เต่าบิน',45),(360,'member004','2023-01-22','ค่ำ','เลย์','2','seven-eleven',20),(361,'member004','2023-01-22','กลางวัน','หอยลายลวก','4','ร้านท้องถิ่น',100),(364,'member123','2023-05-31','กลางวัน','ข้าวมันไก่','1','kingbar',45),(365,'member123','2023-05-31','บ่าย','โอริโอ','1','kingbar',20);
/*!40000 ALTER TABLE `foodtracker` ENABLE KEYS */;
UNLOCK TABLES;

--
-- Table structure for table `memberdetails`
--

DROP TABLE IF EXISTS `memberdetails`;
/*!40101 SET @saved_cs_client     = @@character_set_client */;
/*!50503 SET character_set_client = utf8mb4 */;
CREATE TABLE `memberdetails` (
  `memberID` varchar(20) NOT NULL,
  `Name` varchar(45) DEFAULT NULL,
  `Gender` varchar(10) DEFAULT NULL,
  `Weight` float NOT NULL,
  `Height` float NOT NULL,
  PRIMARY KEY (`memberID`),
  UNIQUE KEY `Member_ID_UNIQUE` (`memberID`)
) ENGINE=InnoDB DEFAULT CHARSET=utf8mb4 COLLATE=utf8mb4_0900_ai_ci;
/*!40101 SET character_set_client = @saved_cs_client */;

--
-- Dumping data for table `memberdetails`
--

LOCK TABLES `memberdetails` WRITE;
/*!40000 ALTER TABLE `memberdetails` DISABLE KEYS */;
INSERT INTO `memberdetails` VALUES ('member001','ปิติ','M',84,177),('member002','ดวงดาว','F',46,155),('member003','มานะ','M',70,180),('member004','มานี','F',45,159),('member123','พัชรพฤกษ์','m',77,177);
/*!40000 ALTER TABLE `memberdetails` ENABLE KEYS */;
UNLOCK TABLES;
/*!40103 SET TIME_ZONE=@OLD_TIME_ZONE */;

/*!40101 SET SQL_MODE=@OLD_SQL_MODE */;
/*!40014 SET FOREIGN_KEY_CHECKS=@OLD_FOREIGN_KEY_CHECKS */;
/*!40014 SET UNIQUE_CHECKS=@OLD_UNIQUE_CHECKS */;
/*!40101 SET CHARACTER_SET_CLIENT=@OLD_CHARACTER_SET_CLIENT */;
/*!40101 SET CHARACTER_SET_RESULTS=@OLD_CHARACTER_SET_RESULTS */;
/*!40101 SET COLLATION_CONNECTION=@OLD_COLLATION_CONNECTION */;
/*!40111 SET SQL_NOTES=@OLD_SQL_NOTES */;

-- Dump completed on 2023-06-03 22:30:33
